seed,silhouette,calinski_harabasz,davies_bouldin
0,0.7011027379932304,2230.2246535524105,0.47221248975662555
1,0.7011027379932304,2230.2246535524105,0.47221248975662555
2,0.7011027379932304,2230.2246535524105,0.47221248975662555
7,0.7011027379932304,2230.2246535524105,0.47221248975662555
21,0.7011027379932304,2230.2246535524105,0.47221248975662555
42,0.7011027379932304,2230.2246535524105,0.47221248975662555
99,0.7011027379932304,2230.2246535524105,0.47221248975662555
